Company,Sentiment_Score
Tesla,0.1439513077122122
Waymo,0.09963038116979242
Zoox,0.11771203567334354
Cruise,0.07473091422061316
